{
  "train_losses": [
    0.03649135506354751,
    0.03386527158115444,
    0.033866749700433615,
    0.03387231609080183,
    0.03387323163233476,
    0.033875380940108356,
    0.033875362443261454,
    0.03387669161573098,
    0.03387806179079985,
    0.03387700517719834,
    0.0338804981045658,
    0.033878301391389615,
    0.0338785161945822,
    0.03387845997017655,
    0.03388120626234798,
    0.0338794871509129,
    0.033881451931630474,
    0.03387828309862786,
    0.03388114034705387,
    0.03388066772835666,
    0.03387951812977563,
    0.033877487347921946,
    0.03387869727154728,
    0.033881526134464685,
    0.033879509628892926,
    0.03387961884474305,
    0.03387934270912505,
    0.0338804285422491,
    0.03388001565822205,
    0.033879356802361545
  ],
  "val_losses": [
    0.03338372689758991,
    0.03338748834288374,
    0.03339598197023884,
    0.033403942597973,
    0.0333922849182623,
    0.033395763983789475,
    0.033405620207711435,
    0.03340563466349501,
    0.03341070485954709,
    0.03339877750541569,
    0.03339999295474204,
    0.03340444319896172,
    0.03341853750854095,
    0.033433783205573046,
    0.03340591585558802,
    0.03338957559645342,
    0.033413715570806024,
    0.03340569900502421,
    0.03342411860105503,
    0.03341424070899414,
    0.033421788471677545,
    0.03339736189855482,
    0.03337408855308859,
    0.03342181743848534,
    0.0334124995138327,
    0.03342507762335538,
    0.033416865119042495,
    0.03339576866198072,
    0.033411537353173794,
    0.03341426528071893
  ],
  "best_val_loss": 0.03337408855308859
}