{
  "rlhf_loss": [
    -20.657033284505207,
    43.36510976155599,
    47.47876485188802,
    60.67357889811198,
    2.033513387044271,
    57.75321515401205,
    53.5230967203776,
    -24.962799072265625,
    36.16987228393555,
    37.44031778971354,
    -12.863398234049479,
    -46.171244303385414,
    46.41881306966146,
    44.73571268717448,
    95.67312113444011,
    -15.604985555013021,
    52.95763142903646,
    25.29554494222005,
    1.5365804036458333,
    34.606058756510414
  ],
  "avg_seq_logprob": [
    -465.3301086425781,
    -477.5043131510417,
    -496.5123697916667,
    -484.7017517089844,
    -467.5109354654948,
    -474.66648356119794,
    -489.39598592122394,
    -465.27025349934894,
    -466.67340087890625,
    -474.7366638183594,
    -478.31714884440106,
    -469.64634195963544,
    -477.83319091796875,
    -474.4674784342448,
    -479.2555847167969,
    -482.7661844889323,
    -480.6439208984375,
    -466.95640055338544,
    -471.3603108723958,
    -482.0555725097656
  ],
  "avg_reward": [
    -0.11730342109998067,
    0.02234393854935964,
    0.03630867600440979,
    0.06423811614513397,
    -0.06144445141156515,
    0.05027341842651367,
    0.05027336875597636,
    -0.11730343103408813,
    0.008379253248373667,
    0.022343933582305908,
    -0.08937398592631023,
    -0.15919767816861471,
    0.050273358821868896,
    0.05027341842651367,
    0.16199136773745218,
    -0.07540926337242126,
    0.06423811117808025,
    0.008379193643728891,
    -0.07540921370188396,
    0.022343953450520832
  ]
}