{
  "train_loss": [
    1.627524627577905,
    1.455942189850116,
    1.4203192470117318,
    1.401644237007809,
    1.3907653581414312,
    1.38257412615884,
    1.3765570749304787,
    1.3718612257002036,
    1.3680545395888195,
    1.3687973288868185
  ],
  "train_perplexity": [
    5.091256351834325,
    4.288522164748298,
    4.1384414144364285,
    4.061873161357492,
    4.017924027364487,
    3.9851467061582944,
    3.961239870730227,
    3.9426820918994947,
    3.9277020689507576,
    3.930620607808829
  ],
  "val_loss": [
    1.486556597128907,
    1.4461846891312111,
    1.394366436456171,
    1.3684591015332845,
    1.370251579771187,
    1.3577874273890223,
    1.3574130833279592,
    1.3654760085410342,
    1.3647898175867952,
    1.3467030969386722
  ],
  "val_perplexity": [
    4.421843086759405,
    4.246880396821079,
    4.032418969496681,
    3.9292913892046206,
    3.9363408746472826,
    3.887582221042246,
    3.886127200082123,
    3.917587413300545,
    3.91490012235791,
    3.844728913913907
  ],
  "best_val_loss": 1.3467030969386722,
  "best_val_perplexity": 3.844728913913907
}