{
  "train_total": [
    0.04497559870578423,
    0.028415677609648048,
    0.024694492453695413,
    0.024632396242599046,
    0.02257207107769088,
    0.021922471961043445,
    0.021507965140120048,
    0.021181186759442656,
    0.03337170623312965,
    0.053736083041402,
    0.05402212510521241,
    0.05730916826743988,
    0.0628438812144657,
    21.81489573019679,
    4607.820843415766,
    1888920.4927832105,
    3073272.8242726903,
    5754738.144896619,
    93600.39304504044,
    469429.1384263707
  ],
  "train_recon": [
    0.04439223505889195,
    0.0271441011716196,
    0.023272282708562395,
    0.02311599833213117,
    0.020980067972704717,
    0.020282047970028656,
    0.019824443400649344,
    0.01946671256961188,
    0.02896596956167837,
    0.04530240870210863,
    0.048115895109297986,
    0.04967866092398995,
    0.05077835937839867,
    0.05590170554189815,
    0.05757277307593265,
    0.05761176119832128,
    0.05758855067456499,
    0.05754469782306115,
    0.05756089850714873,
    0.05757305119100632
  ],
  "train_kl": [
    0.5833636154855608,
    1.2715763761072651,
    1.422209676493812,
    1.5163978343302649,
    1.5920030312407965,
    1.6404239185755278,
    1.6835216672266244,
    1.7144741043577842,
    4.40573646729718,
    8.433673935257893,
    5.9062297112663416,
    7.6305069929719345,
    12.065521268115592,
    21758.992963301695,
    4607763.049868527,
    1888920364.2356532,
    3073272641.757249,
    5754737837.689756,
    93600331.11215167,
    469429068.3371568
  ],
  "val_total": [
    0.033340755665164444,
    0.026877104022315284,
    0.02454415059203982,
    0.023721435235540274,
    0.023014345861607756,
    0.022325542093961065,
    0.021907583627503883,
    0.021698808131540136,
    0.05733158525329213,
    0.05658811454917213,
    0.05588232219575754,
    0.06472133918783668,
    0.06030013257004494,
    2.1968383571599626,
    8093.259779819015,
    793235.8576309764,
    989738.4028915962,
    3922.0633205995186,
    57129.64003224652,
    1388.4329930525075
  ],
  "val_recon": [
    0.032172873300648816,
    0.0255168907917961,
    0.023068613320243403,
    0.022130363367869377,
    0.021396572515537157,
    0.0206610985118064,
    0.02020454012578112,
    0.019978905950603962,
    0.04671692200898488,
    0.04929095191174525,
    0.04989577771806487,
    0.052024605629414765,
    0.05085462780551326,
    0.05790737284712043,
    0.05780759156782039,
    0.058089809258369235,
    0.05779604231821313,
    0.058069057425394734,
    0.057770298158119696,
    0.057845859220955746
  ],
  "val_kl": [
    1.1678823079009264,
    1.360213166827315,
    1.475537210239255,
    1.5910717999919304,
    1.6177732817159205,
    1.6644435115987344,
    1.7030434346574128,
    1.7199021006194002,
    10.614662723275735,
    7.297162264495379,
    5.986544174499313,
    12.696732986965419,
    9.44550430139261,
    2138.930885303685,
    8093201.582175672,
    793235762.9484202,
    989738303.2333874,
    3922005.065179602,
    57129579.54809588,
    1388375.0811038315
  ],
  "best_val_total_loss": 0.021698808131540136
}